Symbol	Class
<UNK>	Constant
#7_1_0	Param
#5_1_0	Param
#7_1_1	Param
#5_1_1	Param
#7_1_2	Param
#5_1_2	Param
#7_1_3	Param
#5_1_3	Param
#7_1_4	Param
#5_1_4	Param
#7_1_5	Param
#5_1_5	Param
#7_1_6	Param
#5_1_6	Param
#7_1_7	Param
#5_1_7	Param
#7_1_8	Param
#5_1_8	Param
#7_1_9	Param
#5_1_9	Param
#7_1_10	Param
#5_1_10	Param
#7_1_11	Param
#5_1_11	Param
#7_1_12	Param
#5_1_12	Param
#7_1_13	Param
#5_1_13	Param
#7_1_14	Param
#5_1_14	Param
#7_1_15	Param
#5_1_15	Param
#7_1_16	Param
#5_1_16	Param
#7_1_17	Param
#5_1_17	Param
#7_1_18	Param
#5_1_18	Param
#7_1_19	Param
#5_1_19	Param
#10_0_0	Param
#7_0_0	Param
#0_0_0	Param
#10_0_1	Param
#7_0_1	Param
#0_0_1	Param
#10_0_2	Param
#7_0_2	Param
#0_0_2	Param
#10_0_3	Param
#7_0_3	Param
#0_0_3	Param
#10_0_4	Param
#7_0_4	Param
#0_0_4	Param
#10_0_5	Param
#7_0_5	Param
#0_0_5	Param
#10_0_6	Param
#7_0_6	Param
#0_0_6	Param
#10_0_7	Param
#7_0_7	Param
#0_0_7	Param
#10_0_8	Param
#7_0_8	Param
#0_0_8	Param
#10_0_9	Param
#7_0_9	Param
#0_0_9	Param
#10_0_10	Param
#7_0_10	Param
#0_0_10	Param
#10_0_11	Param
#7_0_11	Param
#0_0_11	Param
#10_0_12	Param
#7_0_12	Param
#0_0_12	Param
#10_0_13	Param
#7_0_13	Param
#0_0_13	Param
#10_0_14	Param
#7_0_14	Param
#0_0_14	Param
#10_0_15	Param
#7_0_15	Param
#0_0_15	Param
#10_0_16	Param
#7_0_16	Param
#0_0_16	Param
#10_0_17	Param
#7_0_17	Param
#0_0_17	Param
#10_0_18	Param
#7_0_18	Param
#0_0_18	Param
#10_0_19	Param
#7_0_19	Param
#0_0_19	Param
#0_2_0	Param
#9_2_0	Param
#1_2_0	Param
#0_2_1	Param
#9_2_1	Param
#1_2_1	Param
#0_2_2	Param
#9_2_2	Param
#1_2_2	Param
#0_2_3	Param
#9_2_3	Param
#1_2_3	Param
#0_2_4	Param
#9_2_4	Param
#1_2_4	Param
#0_2_5	Param
#9_2_5	Param
#1_2_5	Param
#0_2_6	Param
#9_2_6	Param
#1_2_6	Param
#0_2_7	Param
#9_2_7	Param
#1_2_7	Param
#0_2_8	Param
#9_2_8	Param
#1_2_8	Param
#0_2_9	Param
#9_2_9	Param
#1_2_9	Param
#0_2_10	Param
#9_2_10	Param
#1_2_10	Param
#0_2_11	Param
#9_2_11	Param
#1_2_11	Param
#0_2_12	Param
#9_2_12	Param
#1_2_12	Param
#0_2_13	Param
#9_2_13	Param
#1_2_13	Param
#0_2_14	Param
#9_2_14	Param
#1_2_14	Param
#0_2_15	Param
#9_2_15	Param
#1_2_15	Param
#0_2_16	Param
#9_2_16	Param
#1_2_16	Param
#0_2_17	Param
#9_2_17	Param
#1_2_17	Param
#0_2_18	Param
#9_2_18	Param
#1_2_18	Param
#0_2_19	Param
#9_2_19	Param
#1_2_19	Param
p10	Predicate
c265	Constant
c241	Constant
p7	Predicate
c95	Constant
c90	Constant
p0	Predicate
c40	Constant
c258	Constant
c17	Constant
c417	Constant
p5	Predicate
c409	Constant
c242	Constant
c210	Constant
c161	Constant
c243	Constant
c226	Constant
p9	Predicate
c407	Constant
c335	Constant
p1	Predicate
c153	Constant
c194	Constant
c227	Constant
c422	Constant
c62	Constant
c251	Constant
p3	Predicate
c429	Constant
c125	Constant
c67	Constant
c118	Constant
c129	Constant
c137	Constant
c362	Constant
c208	Constant
c136	Constant
c75	Constant
c155	Constant
c467	Constant
p8	Predicate
c284	Constant
c324	Constant
c427	Constant
c431	Constant
c468	Constant
c298	Constant
c257	Constant
c314	Constant
p4	Predicate
c202	Constant
c113	Constant
c291	Constant
c425	Constant
c172	Constant
c275	Constant
c303	Constant
c390	Constant
c217	Constant
c110	Constant
c466	Constant
c91	Constant
c444	Constant
c473	Constant
p6	Predicate
c381	Constant
c3	Constant
c304	Constant
c130	Constant
c191	Constant
c344	Constant
c388	Constant
c306	Constant
c323	Constant
c159	Constant
c89	Constant
c372	Constant
c308	Constant
c289	Constant
c343	Constant
c375	Constant
c309	Constant
c416	Constant
c342	Constant
c107	Constant
c382	Constant
c395	Constant
c196	Constant
c39	Constant
c302	Constant
c366	Constant
c442	Constant
c203	Constant
c477	Constant
c93	Constant
c351	Constant
c86	Constant
c325	Constant
c57	Constant
c77	Constant
c19	Constant
c13	Constant
c117	Constant
c341	Constant
c244	Constant
c272	Constant
c418	Constant
c234	Constant
c82	Constant
c478	Constant
c166	Constant
c281	Constant
c228	Constant
c282	Constant
c293	Constant
p2	Predicate
c124	Constant
c103	Constant
c109	Constant
c127	Constant
c264	Constant
c48	Constant
c386	Constant
c358	Constant
c96	Constant
c158	Constant
c205	Constant
c465	Constant
c29	Constant
c316	Constant
c49	Constant
c267	Constant
c38	Constant
c322	Constant
c108	Constant
c121	Constant
c164	Constant
c114	Constant
c367	Constant
c47	Constant
c218	Constant
c434	Constant
c460	Constant
c246	Constant
c212	Constant
c99	Constant
c178	Constant
c311	Constant
c238	Constant
c469	Constant
c15	Constant
c397	Constant
c260	Constant
c231	Constant
c286	Constant
c377	Constant
c376	Constant
c20	Constant
c373	Constant
c329	Constant
c78	Constant
c12	Constant
c359	Constant
c233	Constant
c222	Constant
c220	Constant
c142	Constant
c146	Constant
c151	Constant
c430	Constant
c262	Constant
c5	Constant
c453	Constant
c379	Constant
c482	Constant
c152	Constant
c340	Constant
c438	Constant
c447	Constant
c43	Constant
c87	Constant
c225	Constant
c319	Constant
c320	Constant
c37	Constant
c184	Constant
c162	Constant
c51	Constant
c368	Constant
c413	Constant
c94	Constant
c294	Constant
c410	Constant
c475	Constant
c168	Constant
c364	Constant
c133	Constant
c100	Constant
c307	Constant
c41	Constant
c445	Constant
c300	Constant
c56	Constant
c209	Constant
c404	Constant
c349	Constant
c98	Constant
c213	Constant
c396	Constant
c140	Constant
c305	Constant
c451	Constant
c144	Constant
c354	Constant
c120	Constant
c389	Constant
c256	Constant
c70	Constant
c53	Constant
c18	Constant
c116	Constant
c79	Constant
c201	Constant
c248	Constant
c432	Constant
c180	Constant
c412	Constant
c165	Constant
c174	Constant
c119	Constant
c46	Constant
c81	Constant
c157	Constant
c55	Constant
c247	Constant
c7	Constant
c276	Constant
c122	Constant
c156	Constant
c356	Constant
c259	Constant
c249	Constant
c102	Constant
c355	Constant
c297	Constant
c365	Constant
c462	Constant
c197	Constant
c454	Constant
c215	Constant
c439	Constant
c313	Constant
c401	Constant
c101	Constant
c346	Constant
c317	Constant
c405	Constant
c480	Constant
c420	Constant
c254	Constant
c11	Constant
c455	Constant
c352	Constant
c330	Constant
c52	Constant
c337	Constant
c84	Constant
c387	Constant
c58	Constant
c8	Constant
c279	Constant
c1	Constant
c333	Constant
c181	Constant
c9	Constant
c224	Constant
c292	Constant
c27	Constant
c476	Constant
c33	Constant
c280	Constant
c237	Constant
c408	Constant
c187	Constant
c207	Constant
c250	Constant
c150	Constant
c160	Constant
c348	Constant
c415	Constant
c169	Constant
c332	Constant
c441	Constant
c398	Constant
c148	Constant
c204	Constant
c436	Constant
c458	Constant
c338	Constant
c295	Constant
c315	Constant
c446	Constant
c132	Constant
c30	Constant
c229	Constant
c403	Constant
